Supervisor,Pa√≠s,Receita EUD,Receita Total
Tedman,China,$557.69,$8138.77
Ivonne,Thailand,$750.91,$7801.07
Laney,Botswana,$841.71,$1976.25
Rex,China,$579.89,$9974.79
Brnaby,China,$331.23,$1978.97
Duffy,Portugal,$14.96,$8521.00
Magda,Italy,$1.38,$4040.68
Thatch,Saudi Arabia,$664.20,$1679.45
Derick,China,$381.46,$2424.53
Thorsten,Indonesia,$676.56,$4643.20
Isidora,Thailand,$623.17,$3069.51
Adriano,China,$845.33,$6805.48
Clovis,Cuba,$276.76,$6602.54
Rory,China,$488.19,$1764.84
Edmund,France,$538.33,$7487.58
Richard,Canada,$235.35,$2221.11
Sayre,Philippines,$839.20,$1210.22
Vincents,China,$742.92,$9368.00
Hattie,Croatia,$321.24,$9760.58
Melodee,China,$452.41,$9392.37
Laryssa,Russia,$500.77,$7367.20
Delphinia,Czech Republic,$446.34,$3298.24
Yard,Egypt,$758.81,$4970.14
Cornall,Indonesia,$360.75,$8516.36
Abner,China,$600.82,$7782.44
Billye,Portugal,$284.98,$6363.23
Myriam,China,$943.78,$7936.22
Billy,China,$759.30,$2558.61
Andy,China,$36.20,$5703.19
Sasha,China,$988.85,$7888.28
Chrotoem,Mexico,$244.03,$4691.11
Ryley,Indonesia,$25.92,$8386.94
Beverlee,South Africa,$896.47,$3293.05
Germaine,China,$543.05,$7624.84
Consuela,Brazil,$646.85,$8627.48
Kenon,Peru,$405.51,$1388.53
Miriam,Indonesia,$20.62,$9864.65
Heindrick,France,$842.33,$4810.76
Allen,Czech Republic,$630.53,$8031.52
Gerladina,Yemen,$947.32,$2266.34
Esma,Argentina,$748.50,$9539.82
Nevil,Philippines,$649.54,$5456.78
Diandra,Afghanistan,$550.09,$6731.51
Griff,Russia,$798.66,$2683.83
Carlynn,Indonesia,$345.47,$7174.91
Ric,Haiti,$675.84,$7236.41
Dulsea,Brazil,$724.49,$1402.99
Becki,Palestinian Territory,$895.20,$7074.53
Marley,Poland,$684.25,$4336.23
Layla,China,$16.94,$4894.76
Isiahi,Malaysia,$328.36,$6149.82
Archibald,France,$27.94,$5838.56
Sissie,Brazil,$86.11,$8265.15
Kalle,Tajikistan,$527.22,$9064.77
Sanford,China,$969.52,$4120.23
Charla,China,$186.45,$5852.59
Giovanna,China,$921.23,$3184.02
Leticia,Central African Republic,$518.47,$2092.10
Roberta,Philippines,$778.74,$7946.32
Tris,Vietnam,$295.04,$1143.87
Emelyne,Sweden,$480.71,$1181.57
Sergei,Canada,$941.27,$3059.28
Francklyn,China,$60.74,$2344.72
Laurie,China,$168.86,$1373.13
Adara,Mexico,$926.14,$7150.68
Clea,Sweden,$958.61,$9433.49
Pandora,China,$16.38,$4489.83
Mikael,Poland,$31.03,$6175.70
Leoine,China,$683.55,$7939.06
Pierson,Indonesia,$655.02,$8373.52
Erny,Brazil,$393.76,$7822.66
Ade,China,$825.46,$9111.55
Maddie,Brazil,$868.00,$8221.90
Vera,Indonesia,$737.57,$7728.72
Juditha,Burundi,$229.22,$3481.33
Leonelle,Portugal,$699.12,$1938.95
Guido,Poland,$963.92,$2161.72
Johnny,Canada,$870.17,$2428.79
Willie,Indonesia,$40.87,$9520.40
Obediah,China,$126.77,$4334.25
Tommy,Brazil,$525.71,$7695.33
Ernst,Portugal,$314.85,$1864.96
Teodor,Indonesia,$884.80,$8933.54
Charity,Portugal,$84.48,$8251.69
Ellissa,China,$455.33,$3966.19
Richard,Russia,$253.23,$9416.86
Persis,Netherlands,$431.09,$6524.70
Regine,Denmark,$297.47,$1022.70
Sena,Sweden,$567.17,$1388.19
Alexei,Kazakhstan,$769.12,$6645.45
Shoshanna,Russia,$186.09,$1961.54
Wallis,China,$298.20,$2719.75
Jeramie,Costa Rica,$696.59,$9218.57
Terence,China,$697.53,$9750.18
Natividad,Peru,$734.87,$5019.15
Ford,Indonesia,$141.08,$5935.00
Symon,China,$118.61,$7520.19
Wyn,China,$431.25,$8172.78
Kristan,China,$35.49,$5902.23
Farleigh,Canada,$954.85,$3285.22
Karine,China,$258.22,$8845.43
Kristin,Norway,$672.99,$8832.93
Gerick,Madagascar,$523.82,$6070.84
Dilan,China,$719.72,$5842.35
Barry,Guatemala,$840.00,$2205.77
Danette,Vietnam,$968.76,$2404.46
Felike,Portugal,$838.10,$7861.36
Kirsti,Peru,$493.47,$7107.54
Maje,Czech Republic,$937.41,$3932.69
Kip,Indonesia,$481.59,$6401.59
Eal,South Africa,$296.93,$1857.99
Debbie,Philippines,$426.25,$4453.70
Lucho,Sweden,$549.03,$2960.09
Miltie,Serbia,$421.20,$9974.63
Winifield,China,$81.55,$3942.72
Fanya,Haiti,$185.80,$7867.49
Luz,Greece,$927.94,$7244.92
Jamie,China,$462.38,$5369.74
Cirillo,Dominican Republic,$728.96,$5734.23
Paxon,China,$579.47,$8728.72
Meryl,Yemen,$435.44,$2953.85
Rubina,France,$887.89,$5999.60
Anabel,Croatia,$765.97,$2447.94
Edlin,United States,$654.32,$7485.12
Shane,France,$622.43,$4083.61
Kelcy,Canada,$283.29,$9271.82
Fredia,Thailand,$692.42,$9079.76
Tine,Russia,$221.63,$5358.93
Peter,Kiribati,$36.52,$5497.61
Leese,Greece,$283.49,$7819.61
Bridgette,South Africa,$159.78,$9525.24
Kinna,United States,$323.28,$6957.91
Carmelina,Brazil,$126.45,$1305.46
Garrott,Indonesia,$309.06,$4298.91
Blake,Venezuela,$959.23,$3978.87
Shoshanna,Czech Republic,$736.76,$3604.78
Lucien,Albania,$326.29,$1748.13
Valaria,China,$300.39,$6493.48
Lowe,China,$441.18,$1370.26
Kristina,Armenia,$935.22,$7925.01
Brandon,Peru,$698.24,$6872.03
Thaine,Costa Rica,$340.28,$5934.19
Decca,United States,$394.75,$2833.05
Jamie,Portugal,$140.43,$1432.58
Euell,Philippines,$281.90,$9236.40
Cate,Russia,$97.68,$5027.73
Petronia,Russia,$768.30,$8239.36
Rebeca,China,$537.92,$1431.47
Cher,El Salvador,$543.38,$2042.10
Danna,Philippines,$702.76,$3960.73
Caesar,Nigeria,$878.23,$2142.51
Dorian,Czech Republic,$684.39,$8407.08
Myrvyn,Equatorial Guinea,$397.69,$5343.80
Giavani,Peru,$302.64,$2177.53
Yorgos,Argentina,$296.71,$9946.29
Valaree,Bangladesh,$745.66,$1409.44
Stan,Indonesia,$488.21,$9514.23
Marietta,Russia,$594.68,$2031.87
Raynard,China,$841.51,$5287.66
Jelene,Indonesia,$544.05,$4160.26
Erich,France,$813.38,$3808.93
Clemmie,Brazil,$73.78,$1554.37
Vivianne,Colombia,$922.76,$8998.56
Jessie,Morocco,$105.61,$7805.69
Davidde,Indonesia,$392.46,$2175.12
Lewie,China,$134.47,$7974.57
Dory,Canada,$364.33,$8497.22
Andrea,Senegal,$659.44,$4718.05
Abbot,Libya,$613.65,$9469.95
Kristine,Spain,$71.04,$4659.63
Jorrie,Russia,$409.09,$9825.41
Ronda,China,$963.00,$4681.57
Elsey,Mexico,$209.92,$2723.15
Dallas,Brazil,$578.24,$7152.69
Elka,Syria,$949.15,$4551.98
Cheslie,Vietnam,$465.22,$2830.99
Maggie,Bulgaria,$541.21,$2336.85
Nari,Estonia,$492.52,$3382.94
Chandler,Colombia,$613.62,$2903.92
Alvis,Lithuania,$276.01,$3520.12
Alexis,Dominican Republic,$58.28,$7836.11
Homer,Serbia,$336.81,$9209.62
Breanne,Philippines,$739.88,$9926.82
Winnifred,Uganda,$672.50,$6191.18
Sonja,China,$788.63,$2011.26
Faustine,China,$443.74,$3194.19
Adah,Poland,$525.36,$2757.77
Mikkel,Indonesia,$112.28,$6799.11
Lorettalorna,Vietnam,$79.61,$2566.66
Kayla,China,$547.58,$9669.72
Leupold,Russia,$819.08,$6775.95
Julia,China,$34.58,$8209.43
Nevil,Russia,$182.73,$4316.94
Granthem,Indonesia,$253.69,$4000.56
Ciel,Armenia,$130.34,$2621.34
Benjamin,Poland,$474.10,$5836.19
Allissa,Brazil,$439.07,$6132.80
Kin,China,$881.06,$9874.34
Gradeigh,Croatia,$689.74,$9688.94
Gwenneth,Philippines,$743.98,$5716.55
Teddie,Japan,$538.03,$3316.06
Katalin,Finland,$390.23,$9048.56
Kermy,Nigeria,$822.45,$1476.15
Tessa,Indonesia,$77.70,$3232.21
Alikee,Slovenia,$133.65,$7012.22
Holly-anne,Benin,$274.75,$9189.24
Milzie,Indonesia,$978.19,$3210.17
Harold,Iraq,$940.77,$1668.58
Trixie,Russia,$333.55,$6632.83
Kristien,Nepal,$422.63,$1212.13
Delores,Portugal,$868.47,$9789.72
Ira,Russia,$280.25,$2825.58
Ella,Japan,$651.03,$7475.07
Sonni,Philippines,$199.35,$1906.09
Pansy,China,$638.47,$5010.85
Hurley,Indonesia,$652.00,$2219.17
Tim,Iran,$490.15,$4712.48
Illa,Norway,$44.08,$6412.42
Kitty,Hungary,$992.79,$5484.02
Gardner,China,$8.31,$8405.68
Vanna,Greece,$550.68,$1595.48
Talbot,Indonesia,$861.01,$1294.18
Sandro,Portugal,$143.75,$8517.06
Faythe,China,$135.62,$9399.36
Cordie,China,$104.47,$3255.97
Aarika,Indonesia,$793.13,$8269.13
Iver,Russia,$894.33,$5236.98
Kaylil,China,$151.50,$1592.86
Maximo,Indonesia,$607.25,$5217.79
Consuela,China,$126.73,$6173.66
Sayers,Indonesia,$766.71,$9203.19
Alberta,Indonesia,$377.20,$3938.50
Roderic,China,$73.26,$8447.61
Ulrick,Czech Republic,$943.63,$3059.65
Georgette,China,$884.99,$9634.77
Olivia,Nigeria,$670.25,$3144.26
Carolina,China,$517.53,$2193.99
Web,China,$98.81,$2708.22
Constantina,Cameroon,$116.19,$7183.84
Tonie,Portugal,$131.87,$5615.22
Helsa,Nicaragua,$90.39,$7203.57
Rhonda,Indonesia,$696.17,$4812.26
Stanfield,Libya,$718.73,$7347.56
Rosemaria,Armenia,$110.93,$9497.18
Alford,Indonesia,$575.54,$9216.00
Pooh,Palau,$313.45,$3031.73
Annabela,Brazil,$394.64,$1105.99
Tally,China,$6.32,$9782.92
Phillipp,Zimbabwe,$795.47,$6884.76
Farica,China,$574.05,$4816.60
Aubrey,China,$336.73,$1021.70
Amelie,China,$885.03,$3357.11
Mark,Russia,$408.87,$8933.07
Alasteir,Austria,$940.56,$8766.28
Archibold,Philippines,$483.97,$2662.49
Carey,Greece,$292.01,$7918.70
Ahmad,Canada,$924.04,$5707.48
Obadiah,France,$697.11,$5963.25
Gauthier,Peru,$50.49,$1590.52
Emile,Indonesia,$214.27,$9685.26
Terri,Philippines,$818.92,$7850.64
Nelie,China,$885.34,$8641.06
Crista,China,$283.40,$5390.77
Nelie,Czech Republic,$493.28,$4424.54
Marten,Philippines,$479.16,$2040.29
Aubree,France,$732.17,$9797.59
Bertie,Philippines,$730.89,$8825.22
Alric,Philippines,$311.55,$4201.28
Michael,Brazil,$376.19,$4808.12
Norine,Bulgaria,$968.77,$6082.51
Rianon,Greece,$725.97,$5810.31
Pierre,Finland,$909.40,$1795.53
Mathe,Philippines,$368.58,$7730.69
Benedikta,United States,$696.14,$3356.95
Bart,Syria,$610.20,$6810.56
Eilis,Latvia,$336.42,$1434.30
Yasmin,Philippines,$914.03,$2311.57
Toddy,Russia,$657.02,$3566.71
Katusha,France,$445.58,$8413.98
Deidre,Portugal,$494.86,$4287.62
Randy,Mali,$596.14,$7826.93
Denni,France,$202.08,$1491.22
Miner,China,$690.68,$5733.06
Fleurette,Serbia,$306.27,$8641.14
Gusty,China,$94.05,$9501.37
Millisent,China,$76.73,$9062.37
Darby,Russia,$603.81,$8300.58
Fanya,Indonesia,$83.62,$9625.06
Viva,China,$788.24,$9413.02
Gracie,Brazil,$623.91,$2262.44
Arri,Poland,$275.85,$4157.60
Pandora,China,$87.77,$8163.63
Rafferty,China,$439.91,$7316.17
Jeffie,Nigeria,$687.45,$2664.65
Gregoire,Russia,$730.47,$3831.88
Temple,Poland,$365.49,$7335.96
Maximilian,Poland,$754.22,$2751.77
Felicio,Sweden,$811.90,$5143.39
Hinze,Malaysia,$386.88,$6681.54
Ulrica,Poland,$925.82,$4469.32
Eudora,Chile,$188.00,$6424.77
Shauna,Austria,$712.33,$7816.26
Britt,Sweden,$414.07,$8064.89
Thomas,Philippines,$153.31,$2943.35
Pyotr,Indonesia,$383.14,$5683.46
Keslie,China,$9.79,$8152.86
Katinka,Indonesia,$519.59,$7904.65
Cesar,Philippines,$568.60,$3765.56
Neala,Peru,$739.44,$9740.60
Riley,Portugal,$485.48,$6852.48
Euell,China,$747.28,$4000.85
Aeriela,Lebanon,$896.05,$9393.30
Rosabelle,Brazil,$306.72,$4228.37
Perry,China,$506.19,$8199.54
Englebert,South Korea,$281.83,$1239.07
Kelcey,China,$425.91,$2291.91
Yankee,Lithuania,$935.34,$1310.78
Crystal,France,$439.78,$4438.56
Gabey,China,$381.06,$4807.44
Wileen,Philippines,$75.93,$2466.35
Evangeline,Russia,$19.39,$5643.30
Arleen,China,$725.95,$9807.04
Casandra,Indonesia,$121.75,$7067.03
Silvanus,Philippines,$64.55,$2124.99
Gunter,Japan,$744.35,$3324.48
Constancy,Philippines,$25.12,$2659.83
Klemens,Guatemala,$807.42,$8855.37
Blanch,Cyprus,$182.40,$3016.04
Othella,Brazil,$468.79,$4201.60
Kora,Croatia,$116.58,$5565.58
Prinz,Indonesia,$787.01,$2722.09
Cyndie,Brazil,$270.45,$9560.02
Merralee,Finland,$617.31,$9640.50
Sheila,Botswana,$400.25,$9525.09
Jacquette,Argentina,$437.40,$6366.19
Dorelia,Senegal,$875.18,$4346.62
Haywood,Japan,$15.48,$6664.42
Padgett,Sweden,$913.16,$7297.73
Marilin,Russia,$455.08,$8930.65
Arther,Philippines,$947.52,$5840.33
Merle,Kazakhstan,$126.76,$2933.02
Mikaela,Indonesia,$210.36,$2789.19
Ken,Poland,$902.63,$2701.32
Gianni,Thailand,$575.06,$8045.37
Domeniga,Bosnia and Herzegovina,$906.65,$5136.94
Bendick,China,$325.22,$9650.21
Rockie,Norway,$208.81,$9428.61
Griffin,Canada,$879.56,$2342.74
Russell,Russia,$536.50,$3837.03
Dorothee,Japan,$330.23,$6231.69
Celestyna,China,$924.45,$3673.81
Candie,Indonesia,$241.30,$8962.81
Paxton,France,$962.33,$7904.59
Georg,France,$738.24,$7361.40
Antonio,Czech Republic,$68.70,$7451.44
Aube,Japan,$630.85,$7116.27
Ertha,China,$656.83,$4688.64
Vasili,Philippines,$463.61,$3780.04
Jenda,Poland,$287.23,$4063.30
Aubry,Ukraine,$422.08,$7774.96
Chrysa,Kuwait,$31.52,$4393.22
Aldric,France,$435.45,$2822.00
Heddie,Russia,$927.66,$1956.57
Bette,Costa Rica,$847.65,$8081.48
Libby,Russia,$984.28,$2947.43
Lodovico,Central African Republic,$260.19,$4021.32
Moise,Sweden,$961.50,$2861.52
Teodor,Latvia,$249.24,$3276.98
Jarred,Brazil,$20.14,$8983.16
Banky,South Korea,$3.95,$6864.54
Tobias,Indonesia,$638.42,$5427.38
Cherie,Argentina,$91.58,$2135.05
Zsazsa,Indonesia,$556.67,$2351.45
Sileas,Indonesia,$850.48,$6211.52
Aubree,Yemen,$39.37,$1564.45
Hieronymus,Mali,$506.63,$1478.82
Roanne,Indonesia,$79.74,$8432.49
Rodney,Lesotho,$922.48,$6191.81
Roanna,Indonesia,$278.62,$4120.11
Weidar,Brazil,$892.15,$1053.28
Daisey,Indonesia,$367.51,$4209.06
Igor,Bulgaria,$168.68,$8303.27
Adler,Indonesia,$700.76,$7034.97
Vanny,Saint Kitts and Nevis,$380.38,$6876.46
Aeriell,Russia,$737.49,$3785.20
Suzanna,Sweden,$491.46,$6613.02
Liuka,Iran,$391.25,$5843.61
Taryn,Papua New Guinea,$100.05,$1628.40
Rowe,Russia,$330.08,$5667.83
Cordie,Peru,$598.46,$3322.37
Pall,Brazil,$4.51,$5109.24
Franky,Afghanistan,$594.10,$1571.35
Ira,Indonesia,$749.47,$7393.33
Kandace,Russia,$958.38,$2979.09
Belle,Malaysia,$148.64,$6644.80
Julia,Philippines,$175.12,$4317.45
Tome,Ireland,$537.71,$8152.27
Micheal,China,$137.34,$6109.79
Roger,Russia,$30.36,$2338.23
Wakefield,Philippines,$86.51,$6693.26
Ines,Kazakhstan,$172.80,$2226.52
Brooks,United States,$806.78,$7869.65
Haze,Indonesia,$960.77,$8633.54
Garner,Mongolia,$899.07,$9057.48
Bria,Gambia,$223.71,$9379.90
Thorstein,Indonesia,$563.24,$7219.38
Jen,Mongolia,$692.90,$6910.26
Merlina,Poland,$206.16,$2187.64
Lauritz,Nigeria,$464.18,$3370.50
Bertie,China,$792.25,$9858.01
Carolus,Nigeria,$133.40,$9304.73
Josy,Argentina,$685.40,$8720.58
Siouxie,China,$111.65,$2861.25
David,Nicaragua,$687.16,$2554.43
Rollin,Brazil,$415.62,$5372.94
Cordey,Indonesia,$694.21,$5941.38
Leone,Indonesia,$525.02,$3010.43
Bibbye,Russia,$680.62,$5852.62
Dominique,Philippines,$807.16,$4702.83
Obidiah,Sweden,$229.08,$7549.28
Brooke,France,$626.73,$9578.31
Morgana,Myanmar,$720.40,$4801.13
Rosalinda,China,$232.65,$9651.21
Nicolas,Netherlands,$307.71,$3261.11
Zia,South Africa,$462.31,$2149.07
Stanfield,Philippines,$973.96,$2236.74
Marj,South Korea,$939.84,$7681.65
Nathan,Argentina,$270.49,$1035.90
Ronna,United States,$328.40,$1896.45
Gilburt,Philippines,$653.86,$6492.83
Arni,Ecuador,$898.19,$2463.69
Yolanthe,Russia,$330.07,$4044.71
Gerrard,China,$208.27,$4384.80
Lancelot,Russia,$99.98,$6719.68
Winne,China,$12.62,$5754.19
Darcey,Indonesia,$421.99,$2107.24
Curry,Japan,$952.48,$2164.64
Harriott,Lebanon,$118.36,$8746.93
Timmie,China,$320.30,$1291.17
Ondrea,Brazil,$942.46,$9375.07
Andra,Guatemala,$920.01,$1875.80
Drucill,Brazil,$393.66,$4838.41
Jamal,Uganda,$676.78,$3859.27
Marina,Italy,$544.94,$6647.32
Kameko,Indonesia,$591.99,$9566.47
Zorana,Peru,$699.39,$2540.79
Willetta,China,$914.30,$1161.79
Stephannie,Portugal,$317.72,$3086.21
Opalina,China,$862.30,$9941.04
Hayward,Ivory Coast,$3.78,$5653.82
Ronni,South Africa,$310.27,$5063.54
Johnny,Canada,$389.75,$8713.61
Ardelle,Japan,$297.23,$2686.86
Teador,Indonesia,$33.55,$1718.08
Ramon,Mexico,$641.39,$3606.18
Adi,Poland,$47.18,$1470.16
George,Poland,$858.17,$5374.79
Hetty,Portugal,$851.74,$2213.60
Alikee,France,$993.81,$4649.80
Jessie,Indonesia,$990.93,$6878.04
Conrado,China,$323.31,$8013.50
Morie,Brazil,$734.65,$2870.32
Felipa,French Polynesia,$62.67,$6083.66
Joelly,Guatemala,$385.64,$3480.23
Jimmy,Russia,$797.03,$8876.83
Shem,Indonesia,$623.24,$2936.86
Christophorus,Philippines,$619.11,$6510.62
Elsinore,Qatar,$430.22,$4783.78
Aline,Argentina,$728.87,$7406.82
Russell,China,$423.80,$8381.09
Saul,Canada,$702.73,$6150.97
Kat,Moldova,$645.55,$4361.34
Kerrin,Liberia,$943.27,$8338.33
Rollin,Poland,$980.45,$1751.23
Lucias,Philippines,$307.12,$5793.96
Gerda,Estonia,$913.15,$4183.56
Candida,Poland,$739.24,$7306.24
Vikky,United States,$791.67,$6934.99
Carlin,Portugal,$562.07,$9344.66
Kippar,China,$118.48,$9930.73
Mal,Poland,$191.03,$2802.59
Padgett,Indonesia,$78.94,$8913.30
Dalton,China,$81.98,$2911.42
Fredelia,Brazil,$370.27,$2198.26
Conrado,China,$324.69,$5175.29
Phaidra,Japan,$108.11,$5032.32
Manya,Slovenia,$406.04,$1631.61
Garek,Cuba,$140.91,$5366.35
Dallas,China,$298.94,$7119.11
Fons,Thailand,$310.06,$4453.55
Waneta,Russia,$633.53,$4869.43
Bryanty,Slovenia,$621.96,$7380.98
Kristoforo,China,$20.51,$1368.52
Crin,Israel,$407.74,$4081.31
Lucila,Indonesia,$777.70,$9918.62
Quincy,Japan,$421.10,$9426.07
Charlena,Iran,$324.13,$8080.27
Helli,China,$500.95,$3076.72
Ernestine,Japan,$126.03,$6736.37
Karel,Philippines,$8.11,$3900.69
Dierdre,Bahamas,$94.33,$4436.84
Allegra,China,$56.40,$9067.47
Tedmund,Greece,$421.40,$4022.23
Mireielle,China,$833.20,$5547.52
Xerxes,China,$987.44,$6138.32
Cirillo,Peru,$531.07,$3351.25
Lily,Canada,$235.32,$4943.96
Gar,Dominican Republic,$388.33,$9506.21
Mireielle,Costa Rica,$819.44,$1635.76
Merv,Brazil,$343.70,$2849.92
Munmro,Kenya,$968.82,$1700.37
Glynnis,China,$724.10,$6611.37
Dominick,Ireland,$801.41,$5290.08
Tobi,Argentina,$16.82,$2439.08
Brook,China,$906.32,$2104.42
Perren,Sweden,$641.38,$3753.23
Kelcie,Costa Rica,$784.89,$2963.49
Jay,Poland,$967.38,$1099.86
Christiana,Greece,$998.22,$5415.08
Matthieu,Latvia,$209.52,$7774.68
Cecilia,China,$677.18,$5308.86
Alverta,Latvia,$739.63,$4888.80
Malvina,China,$248.23,$2531.72
Malorie,Philippines,$56.21,$4848.91
Demetris,Portugal,$628.60,$3913.83
Aristotle,Argentina,$324.12,$5773.96
Sheff,Philippines,$880.32,$3699.62
Liana,Czech Republic,$754.30,$1388.55
Mack,Pakistan,$850.91,$9005.23
Zara,Portugal,$401.74,$2908.54
Kip,China,$789.20,$1655.42
Evangelia,Poland,$904.56,$1268.85
Maynard,China,$736.52,$6511.24
Ritchie,Macedonia,$157.17,$4008.31
Ogdan,France,$151.67,$7094.04
Orton,China,$795.54,$1835.17
Chrotoem,Honduras,$620.75,$1660.70
Alastair,Colombia,$429.25,$5483.24
Dolorita,Poland,$518.25,$8031.21
Adelheid,Brazil,$869.49,$1974.79
Mattheus,France,$846.20,$8230.18
Brenna,Philippines,$192.48,$6291.02
Henderson,China,$303.21,$5689.53
Hurley,China,$144.60,$6862.64
Bettina,Cuba,$997.16,$7755.25
Aimil,China,$967.74,$3764.41
Etti,Indonesia,$769.77,$8785.95
Datha,Nigeria,$198.67,$2786.22
Kenneth,Brazil,$660.28,$9083.01
Eudora,Portugal,$612.25,$9902.76
Benny,South Africa,$968.16,$6384.00
Andy,Germany,$228.81,$6371.50
Meridel,Libya,$820.53,$7650.75
Kristos,China,$453.61,$8193.90
Valene,Japan,$978.06,$4181.89
Maurits,Philippines,$431.99,$5539.49
Sayers,Djibouti,$859.31,$9170.04
Terrill,Japan,$554.45,$8424.47
Laurella,Argentina,$837.77,$2540.56
Joy,Philippines,$173.64,$7193.59
Heda,Poland,$819.27,$3454.43
Baird,Tajikistan,$896.17,$4724.45
Shannen,Lithuania,$741.88,$7939.81
Chelsie,China,$140.62,$4387.96
Vaughn,France,$323.32,$1570.80
Veronika,Latvia,$592.15,$9311.89
Lucian,Indonesia,$116.36,$2526.79
Leopold,Colombia,$473.04,$9865.13
Corabel,Cuba,$156.71,$9909.47
Aindrea,China,$592.40,$5737.95
Mae,Saudi Arabia,$617.20,$7385.73
Violante,Brazil,$588.43,$8386.20
Lloyd,Kenya,$443.95,$8118.45
Sadella,Russia,$635.89,$1291.17
Kirbee,Mexico,$870.80,$3955.50
Fleur,China,$226.25,$5446.28
Rockey,Philippines,$378.98,$7769.14
Vitoria,Colombia,$382.68,$7439.50
Gard,China,$227.65,$1548.37
Rikki,Indonesia,$688.50,$5079.13
Kala,Canada,$615.04,$5770.92
Melantha,Argentina,$619.06,$8635.57
Rip,Indonesia,$345.64,$7360.80
Nester,United States,$741.01,$9917.27
Arturo,Croatia,$603.08,$1515.24
Tracie,Dominican Republic,$940.90,$2155.86
Maurie,Thailand,$450.84,$5459.58
Aloysius,China,$598.04,$3665.74
Vitia,Bhutan,$974.56,$5481.57
Lissi,Myanmar,$642.41,$5209.03
Eachelle,China,$651.29,$3526.95
Shelden,Indonesia,$781.34,$8714.17
Rubetta,Vietnam,$727.75,$3730.29
Forest,Brazil,$227.35,$4136.19
Hakeem,Japan,$696.58,$8264.61
Calla,Iran,$507.95,$4653.40
Meredith,Russia,$838.71,$4617.46
Janette,Indonesia,$155.87,$2160.56
Harley,Argentina,$908.10,$3132.85
Elora,China,$124.26,$6792.34
Stephannie,Indonesia,$662.67,$9941.89
Winna,Venezuela,$429.42,$8320.55
Neel,Poland,$336.82,$4821.15
Abagael,Costa Rica,$720.94,$2698.75
Minda,Colombia,$209.29,$3269.91
Dianna,Peru,$150.44,$8118.95
Marthe,Bulgaria,$28.93,$1852.67
Gannie,Germany,$181.65,$6929.72
Baryram,Portugal,$1.03,$9142.58
Audry,Ireland,$620.92,$8751.76
Retha,China,$128.98,$9820.37
Ailis,United States,$364.84,$3780.47
Robers,Finland,$402.14,$7657.41
Kendricks,China,$34.54,$1285.41
Courtenay,Costa Rica,$465.21,$9601.75
Sanders,China,$830.23,$1322.56
Kyrstin,Argentina,$629.62,$1387.74
Cordelia,Afghanistan,$131.35,$6402.25
Mendy,Argentina,$400.11,$7373.58
Olivie,Turkmenistan,$193.16,$8239.18
Desi,South Korea,$287.13,$1315.23
Cecil,Haiti,$797.50,$4207.07
Delainey,Costa Rica,$912.88,$4459.90
Elset,Indonesia,$919.07,$6315.89
Flory,Tunisia,$318.30,$9772.86
Skyler,Japan,$832.88,$2190.83
Michaella,China,$834.16,$2371.03
Camille,Saudi Arabia,$861.91,$5973.25
Darlleen,Indonesia,$129.89,$6867.61
Merrill,Philippines,$799.32,$7577.08
Alan,China,$789.02,$5323.61
Sidoney,Finland,$320.74,$3379.44
Mathe,Tunisia,$159.81,$2566.23
Kamilah,Japan,$28.45,$3274.53
Yvon,Mexico,$892.24,$1224.48
Pier,China,$194.03,$2285.12
Elsie,Malaysia,$342.02,$5403.80
Sylas,China,$64.61,$6591.15
Morten,Russia,$114.44,$1358.32
Felisha,Nicaragua,$540.10,$6533.51
Ange,Ukraine,$473.70,$3674.17
Winfield,France,$491.23,$7501.97
Eunice,China,$121.95,$2794.03
Carri,China,$949.94,$3220.32
Thibaut,Philippines,$746.05,$6200.76
Daniel,Colombia,$802.01,$7436.39
Crin,Argentina,$415.31,$5738.19
Giacinta,Indonesia,$985.19,$2727.04
Lester,Japan,$913.94,$7894.99
Arel,Belarus,$716.09,$7444.97
Wilhelmine,Indonesia,$242.27,$6775.59
Ursa,Egypt,$369.26,$4380.67
Hunt,Indonesia,$665.09,$8503.81
Annabelle,Ethiopia,$203.06,$3401.03
Drucie,Russia,$526.10,$3775.21
Flory,Indonesia,$534.58,$3824.48
Duane,China,$204.10,$7188.19
Gerri,China,$462.34,$7242.70
Ewan,Brazil,$752.22,$8960.93
Lorette,United States,$243.26,$8461.98
Wanids,Cuba,$127.79,$5225.08
Ellene,Venezuela,$536.40,$6882.91
Britni,Czech Republic,$468.39,$8606.65
Millisent,Russia,$276.16,$5081.35
Dara,Philippines,$491.85,$4875.60
Hoyt,Bosnia and Herzegovina,$858.75,$4291.77
Alfie,Lithuania,$131.82,$3683.96
Sean,Poland,$489.26,$5751.62
Larry,Indonesia,$470.75,$1610.01
Perry,Russia,$536.10,$5924.76
Charyl,Russia,$913.92,$2468.40
Cinderella,Uzbekistan,$249.41,$7126.21
Christie,Indonesia,$913.23,$9688.34
Reuven,Philippines,$306.82,$9209.81
Nickola,Poland,$588.94,$4362.02
Guillema,Ukraine,$353.41,$1997.37
Les,Peru,$915.29,$2054.68
Trula,Canada,$641.03,$2006.78
Nelson,United States,$632.52,$8228.32
Jeanette,Sweden,$279.98,$1714.25
Yorke,Sweden,$793.26,$7160.38
Vevay,Philippines,$161.61,$7376.20
Gawen,United States,$483.64,$9972.54
Biron,Brazil,$814.72,$8361.66
Ian,Israel,$495.53,$4174.38
Torrence,China,$601.05,$1296.91
Rodi,Russia,$748.85,$7593.74
Georgi,France,$170.75,$4521.34
Glyn,Cameroon,$619.42,$9981.51
Randee,Indonesia,$965.19,$6662.46
Trudie,Brazil,$984.39,$8585.23
Daune,China,$352.70,$9188.99
Becka,Peru,$384.03,$8387.74
Hersch,Brazil,$90.70,$9138.78
Sari,Russia,$255.88,$8605.17
Carlotta,Philippines,$420.78,$3553.72
Lemar,Indonesia,$718.26,$5705.46
Gerianne,Serbia,$442.09,$5334.61
Bing,Honduras,$61.02,$7977.11
Rica,China,$159.69,$3593.70
Lanita,Indonesia,$32.81,$3327.86
Carlynn,China,$116.00,$6977.98
Leontine,Thailand,$466.89,$9308.66
Magdalene,Tanzania,$332.85,$9167.65
Charil,Kazakhstan,$425.23,$3341.44
Devora,Jamaica,$753.07,$8664.81
Corabel,Russia,$772.24,$3382.19
Griff,Russia,$731.69,$9974.18
Derward,Brazil,$385.59,$1278.36
Hannah,Pakistan,$585.65,$5005.45
Orrin,China,$659.92,$8692.27
Christa,Indonesia,$661.26,$7144.20
Enid,Brazil,$95.07,$4601.71
Fanya,Tajikistan,$567.71,$9725.32
Ashlen,Poland,$554.58,$4577.79
Regine,Russia,$271.40,$2708.12
Glynn,France,$45.42,$7904.60
Fleurette,Yemen,$880.39,$8070.52
Robin,Poland,$338.75,$8287.09
Trever,Greece,$878.31,$9421.27
Hollyanne,Argentina,$662.52,$3531.79
Gregoire,China,$194.35,$3574.52
Shir,China,$336.46,$2995.30
Billy,Zambia,$241.95,$4223.25
Jeane,France,$844.74,$9540.23
Billie,Brazil,$41.65,$1564.44
Maximilian,Czech Republic,$676.81,$6853.25
Aimee,Yemen,$485.69,$7692.63
Alex,China,$12.42,$2667.43
Zitella,Venezuela,$378.09,$4991.96
Melisent,China,$184.23,$1420.09
Cornelius,Indonesia,$944.09,$6167.02
Findlay,China,$517.79,$8387.58
Rolland,Philippines,$941.25,$4815.38
Netti,China,$106.69,$5780.14
Berty,Indonesia,$647.67,$4261.81
Adi,Philippines,$372.36,$5277.46
Loy,Czech Republic,$224.98,$4948.25
Noelani,Peru,$677.54,$1340.75
Dottie,Mauritania,$186.22,$9029.22
Lanni,Niger,$492.81,$6379.74
Haze,United States,$980.96,$2101.94
Cirillo,Ecuador,$675.62,$1405.40
Aimee,Indonesia,$334.61,$5787.36
Celinda,Bulgaria,$206.93,$1968.41
Meryl,China,$776.03,$2318.75
Valaree,Poland,$927.47,$4874.85
Nick,Brazil,$711.47,$1212.14
Padgett,Nepal,$587.34,$7686.02
Ase,Indonesia,$456.09,$3463.46
Boothe,Indonesia,$701.43,$2778.33
Etan,Djibouti,$860.11,$6935.24
Nanon,Colombia,$617.33,$8836.61
Saundra,France,$939.47,$8144.69
Carrol,France,$870.77,$9029.17
Katya,Peru,$989.51,$8621.71
Chancey,Ireland,$682.32,$9960.93
Aggi,China,$627.01,$4786.68
Carrie,Canada,$714.18,$6587.59
Matty,Argentina,$208.95,$2440.73
Gunner,China,$114.71,$2001.30
Hana,Brazil,$571.72,$4253.59
Sibyl,Philippines,$185.04,$4438.34
Justino,Comoros,$892.47,$6515.80
Carie,China,$118.55,$2353.70
Esme,Greece,$627.93,$3761.22
Faydra,Poland,$117.48,$2177.26
Philippine,Ethiopia,$18.69,$8267.37
Law,Thailand,$453.50,$8020.23
Evey,Palestinian Territory,$652.97,$8178.70
Cindi,Indonesia,$22.81,$7868.08
Nicolina,Armenia,$723.37,$2636.13
Brewer,Poland,$916.08,$9089.61
Bobbie,Brazil,$331.16,$9334.04
Oates,Tajikistan,$928.93,$8252.33
Dyanna,China,$254.47,$7380.10
Chet,China,$997.92,$8891.60
Laina,Netherlands,$674.33,$7105.11
Ulberto,Indonesia,$227.45,$2419.23
Ruddie,Indonesia,$646.89,$3388.32
Sayre,Antigua and Barbuda,$29.75,$2295.76
Valaree,Kenya,$582.75,$7210.52
Leyla,Argentina,$254.01,$1664.65
Chrysa,Indonesia,$718.72,$4671.66
Jessa,Russia,$122.67,$9975.04
Annetta,Canada,$909.27,$3318.62
Latrina,Indonesia,$381.80,$4999.22
Deanne,Ireland,$936.04,$2064.89
Ransom,Portugal,$168.99,$3597.39
Austin,Russia,$976.93,$2319.02
Corliss,Vietnam,$930.54,$7317.13
Shandeigh,China,$697.79,$1575.42
Maxi,Sierra Leone,$206.33,$5442.16
Hilary,Iraq,$25.76,$2081.44
Kimbra,Portugal,$425.05,$1936.79
Biron,United States,$768.05,$3364.06
Peggie,Italy,$924.76,$7597.08
Wenda,Japan,$355.09,$8286.59
Paulo,Canada,$275.45,$1924.31
Shawna,Morocco,$468.92,$8997.41
Paola,Philippines,$808.15,$1154.05
Rabi,Dominican Republic,$378.07,$3658.62
Annabell,Japan,$134.09,$3217.63
Sasha,Greece,$740.19,$1269.00
Audry,Vietnam,$359.70,$9252.12
Merola,China,$214.21,$8706.78
Christabella,Vietnam,$79.43,$2195.70
Euell,Bangladesh,$119.25,$9241.60
Moira,Russia,$216.47,$1729.67
Rene,Sweden,$903.77,$4933.06
Romy,Paraguay,$599.97,$5470.35
Gardener,United States,$439.46,$7605.23
Basil,Greece,$208.91,$4312.60
Steffane,China,$744.78,$3714.61
Mose,Croatia,$503.73,$8144.42
Jackson,Ireland,$212.02,$3878.68
Emelda,Egypt,$635.20,$3126.34
Beverly,Iran,$773.55,$2286.25
Marvin,Russia,$340.60,$4007.52
Noellyn,Portugal,$402.10,$3849.12
Angy,Azerbaijan,$159.32,$6806.39
Franni,Russia,$144.94,$9940.18
Ethelyn,China,$492.92,$7666.64
Olivero,China,$53.21,$1454.56
Christyna,China,$642.21,$8178.81
Robinette,Philippines,$556.34,$2705.84
Andie,Poland,$975.58,$7973.13
Johannah,Ghana,$775.67,$3415.78
Lindsey,Syria,$700.23,$7614.44
Caterina,Nigeria,$586.60,$5359.49
Avram,China,$780.95,$1586.50
Ford,Slovenia,$266.85,$2003.19
Muire,Sweden,$88.55,$3956.75
Lauralee,China,$616.47,$8500.97
Vernice,China,$548.59,$1465.07
Fayre,Morocco,$35.39,$3271.53
Kare,Albania,$609.65,$2120.14
Brantley,Philippines,$203.63,$2135.03
Gris,Brazil,$109.91,$9766.40
Shelden,Ukraine,$111.70,$6022.67
Peria,Cambodia,$522.68,$7077.14
Donovan,Thailand,$148.82,$4281.54
Fayette,Macedonia,$80.77,$5102.23
Delia,Brazil,$849.39,$9665.80
Noelani,Philippines,$171.05,$1347.60
Aldus,Ivory Coast,$531.65,$7771.64
Jania,Philippines,$383.98,$8178.21
Ashleigh,Sweden,$849.78,$8717.01
Gennifer,China,$603.58,$7576.29
Julie,China,$263.38,$9798.99
Tiffany,Armenia,$589.47,$2149.46
Fannie,Indonesia,$119.95,$1344.78
Sal,Russia,$914.71,$6944.20
Culley,China,$448.08,$2497.68
Rebeca,France,$471.18,$3423.74
Fransisco,Nigeria,$311.85,$5959.46
Kahaleel,Indonesia,$74.58,$7575.67
Gerri,Mexico,$79.97,$8316.19
Rosalyn,Afghanistan,$993.45,$4854.62
Winn,Ukraine,$495.18,$7414.58
Brear,Belarus,$828.27,$6914.02
Eleonore,Thailand,$901.16,$4006.65
Waldon,China,$74.26,$2666.29
Mason,Russia,$980.40,$7119.13
Filmer,Honduras,$341.04,$5503.76
Constantine,China,$124.25,$2847.83
Lorie,Russia,$81.44,$1586.30
Ethelin,France,$84.63,$5833.73
Derry,Poland,$26.11,$5100.99
Rosamund,Madagascar,$62.82,$7484.01
Elle,South Africa,$179.13,$7165.06
Roshelle,Honduras,$467.60,$5719.20
Mitzi,China,$779.76,$7923.92
Lyle,Russia,$628.56,$3047.30
Padgett,China,$553.96,$7997.73
Dolorita,Indonesia,$418.86,$3540.00
Kleon,Indonesia,$571.84,$2885.05
Miguel,China,$536.87,$1867.15
Harley,China,$640.22,$1554.80
Marguerite,China,$980.59,$7520.82
Marmaduke,Argentina,$782.25,$1648.27
Wendy,Brazil,$668.41,$6083.56
Tannie,Russia,$608.25,$6630.21
Cherri,Slovenia,$819.32,$8529.43
Pascal,China,$921.19,$7926.58
Reuben,Egypt,$774.75,$5439.55
Eachelle,Thailand,$397.21,$4044.65
Jacquelin,Belarus,$539.53,$6329.73
Tanner,Iraq,$896.97,$7557.43
Randi,China,$608.87,$4704.85
Fionna,Uzbekistan,$664.95,$4318.64
Rori,United States,$791.30,$4072.64
Ally,New Zealand,$185.03,$8898.45
Electra,Indonesia,$166.70,$9377.13
Kelby,United States,$370.28,$5019.38
Katherina,China,$872.07,$1771.25
Ive,China,$925.77,$9521.03
Patty,Sweden,$797.03,$6073.68
Corey,Russia,$645.82,$7123.36
Maxie,Sweden,$514.23,$7316.85
Velma,China,$472.20,$2619.78
Delores,Philippines,$600.16,$8419.09
Kendrick,Russia,$466.03,$6468.62
Ewan,Colombia,$33.96,$2938.85
Lurlene,Japan,$561.63,$9171.31
Lois,China,$887.03,$4874.94
Hanan,China,$466.32,$6904.62
April,China,$253.90,$5444.18
Ermengarde,Indonesia,$425.79,$3014.99
Rosalinde,Russia,$610.53,$1371.80
Adore,France,$931.00,$6530.22
Isadore,Philippines,$514.74,$1356.39
Wilbert,Germany,$194.60,$3187.15
Phillipp,Russia,$349.71,$7945.78
Maribeth,Philippines,$58.47,$8487.33
Clifford,China,$657.06,$2364.94
Cos,China,$784.39,$5695.65
Koral,Sweden,$812.01,$1275.29
Germayne,Bangladesh,$568.34,$6899.52
Casi,Argentina,$830.39,$2698.02
Stillmann,Greece,$802.18,$3605.47
Alix,Ecuador,$642.87,$8135.38
Ernesto,China,$753.31,$2464.31
Winifield,China,$554.17,$8523.60
Gwendolin,Brazil,$421.24,$6967.87
Janeczka,Greece,$617.59,$5138.12
Delcina,Serbia,$530.85,$6521.55
Clarissa,Czech Republic,$291.46,$6103.70
Kellen,China,$581.05,$4682.57
Nelson,Russia,$237.71,$9560.07
Deanna,United Kingdom,$720.99,$9126.23
Cordy,Zimbabwe,$501.16,$1785.85
Debor,South Korea,$735.32,$3652.01
Dexter,China,$195.24,$3437.50
Emily,Croatia,$542.30,$2223.54
Miner,Brazil,$431.17,$2277.63
Boony,Ukraine,$8.95,$8526.21
Dusty,Croatia,$462.11,$5101.11
Harbert,China,$839.91,$7700.63
Katharyn,Indonesia,$442.85,$6014.75
Anabel,Philippines,$301.11,$1145.62
Brant,Brazil,$174.36,$7298.22
Delcina,Panama,$577.99,$7256.33
Noella,Sweden,$338.39,$4744.93
Revkah,Tanzania,$154.97,$6101.44
Sarajane,Brazil,$762.46,$1036.28
Guthry,Albania,$248.83,$4146.37
Isaak,Russia,$575.25,$9025.21
Guido,Indonesia,$313.96,$8599.35
Karola,Poland,$879.45,$3853.16
Ardella,Russia,$316.09,$7772.09
Myranda,United States,$728.95,$8363.44
Violetta,Brazil,$458.36,$2259.59
Teodoro,Philippines,$500.06,$8909.50
Ludovico,Netherlands,$562.88,$1387.22
Dela,Thailand,$323.13,$1996.47
Sal,Indonesia,$771.30,$1817.62
Jarrod,Aruba,$560.85,$2605.41
Normand,Ukraine,$244.56,$2626.95
Lea,Czech Republic,$623.63,$3397.23
Hogan,Canada,$539.05,$3217.08
Rania,Malaysia,$518.25,$1614.66
Jenn,Lithuania,$370.14,$5773.47
Elbertina,Czech Republic,$658.59,$1096.68
Annabel,Portugal,$528.18,$5743.60
Hewet,China,$115.30,$3411.51
Hazlett,Portugal,$211.16,$9000.96
Fleming,Argentina,$429.63,$6791.81
Rois,Indonesia,$357.35,$6110.82
Reeva,China,$860.71,$7547.10
Carine,Honduras,$721.62,$8233.45
Aigneis,Indonesia,$90.41,$2711.16
Barbi,Brazil,$767.51,$8555.02
Jo ann,Philippines,$762.78,$7617.02
Felicia,Russia,$524.56,$1653.63
Mickey,China,$983.50,$8300.94
Matthew,Venezuela,$896.64,$7853.53
Pennie,Indonesia,$687.93,$7336.13
Yetty,Netherlands,$636.05,$7078.98
Gloria,Indonesia,$814.41,$1681.63
Goldina,Indonesia,$379.42,$7357.75
Mirabella,China,$283.20,$2701.13
Edgard,Bahamas,$688.03,$2049.86
Dell,Bosnia and Herzegovina,$831.41,$9331.76
Tildi,Syria,$555.87,$1662.87
Phillie,Brazil,$772.32,$7228.54
Dar,Poland,$241.73,$2385.01
Tristan,Finland,$340.16,$2097.86
Alister,New Zealand,$461.71,$6222.88
Grayce,Poland,$903.50,$3820.05
Westleigh,Sweden,$484.30,$1094.27
Roshelle,Sweden,$84.38,$3699.21
Cheryl,Indonesia,$428.31,$4698.83
Megen,South Africa,$507.84,$6253.12
Wendell,Thailand,$338.67,$6175.40
Emmalee,Slovenia,$948.29,$1730.37
Olivie,Sweden,$458.44,$8845.25
Edmund,Czech Republic,$619.62,$2787.27
Banky,Togo,$536.24,$4635.83
Natassia,Indonesia,$811.48,$2395.75
